year,reg_1,reg_2,metropolitan,pop,pop_under15,pop_15~64,pop_over65,age_mean,age_median,pop_c,distance_1,distance_2,distance_3,pop_c_m,pop_c_w,single_transit,walk,car,bus,bus_c,bus_e,metro,train,taxi,bicycle,etc,multi_transit,time_15,time_60~90,time_90~120,time_120,nc_car_dis,c_car_dis,pt_n,pt_c,trans_n,trans_tt,trans_wt
2015,서울,종로구,Y,161521,14830,123715,22976,41.6,41.7,91286,42875,33821,6736,49990,41296,79827,31825,13929,15260,1073,307,14723,200,332,408,1770,11459,19612,14430,2813,1831,31.5,115.1,9.9,63295,1.5,6.3,7
2015,서울,중구,Y,128478,11785,98091,18602,42.4,42.4,71463,34444,25847,4865,39433,32030,65183,26780,9503,5871,610,208,20036,111,400,322,1342,6280,16525,7699,1653,876,34.2,88.9,9.9,63295,1.5,6.3,7
2015,서울,용산구,Y,227282,25559,169448,32275,41.6,41.5,126251,49195,55996,12856,69459,56792,108345,30222,26858,24575,1972,461,20263,510,1011,567,1906,17906,20344,19795,4112,1927,31.3,99.7,9.9,63295,1.5,6.3,7
2015,서울,성동구,Y,295006,33524,224772,36710,40.6,40.4,173794,63614,83364,16505,97662,76132,151757,41457,31838,17049,2074,702,51315,168,795,3404,2955,22037,27802,26346,5592,2855,32.7,111,9.9,63295,1.5,6.3,7
2015,서울,광진구,Y,368199,38912,289875,39412,39.7,38.9,222740,82624,104367,22981,122292,100448,196793,57405,35928,22573,3542,1318,67229,88,626,5099,2985,25947,37575,39955,6900,3580,32.5,117.8,9.9,63295,1.5,6.3,7
2015,서울,동대문구,Y,364787,38317,276197,50273,41,40.5,209380,87380,89426,17912,117654,91726,183424,61897,35770,31984,2406,569,42471,332,776,3428,3791,25956,40752,38830,8033,3706,31.5,117.9,9.9,63295,1.5,6.3,7
2015,서울,중랑구,Y,403237,44287,306394,52556,41.5,42.3,237199,88317,107009,28241,134501,102698,206868,56987,43809,35634,2933,719,57081,147,816,3884,4858,30331,36286,53711,11721,4983,32.6,125.4,9.9,63295,1.5,6.3,7
2015,서울,성북구,Y,456844,55778,340456,60610,40.3,40.3,265548,97574,127197,22526,146138,119410,226205,63450,49040,49203,3672,603,52820,394,707,1778,4538,39343,41127,54954,12658,5430,30,130.2,9.9,63295,1.5,6.3,7
2015,서울,강북구,Y,319992,34324,234972,50696,42.7,43.5,179941,62896,90978,16173,100139,79802,144995,38364,29661,35739,1781,495,33638,145,442,1575,3155,34946,24118,45759,12081,4959,30.7,124.6,9.9,63295,1.5,6.3,7
2015,서울,도봉구,Y,340095,39653,253204,47238,41.7,42.8,194724,70962,93521,22805,109983,84741,165496,42972,37671,25917,2129,468,50682,171,634,2752,2100,29228,28334,49186,14281,5555,30.7,127.5,9.9,63295,1.5,6.3,7
2015,서울,노원구,Y,562996,74276,422101,66619,39.9,40.9,328259,127948,139982,39340,184699,143560,286949,77669,64414,30179,4772,1076,98917,298,1028,5525,3071,41310,50803,88800,21503,8626,30.7,127.3,9.9,63295,1.5,6.3,7
2015,서울,은평구,Y,478374,59390,352273,66711,41.2,41.7,274667,94103,125196,36542,152666,122001,232603,53981,51951,41281,2741,827,73677,333,697,3248,3867,42064,33101,71276,16224,7130,31.2,135.3,9.9,63295,1.5,6.3,7
2015,서울,서대문구,Y,308768,32540,232206,44022,41,40.6,182015,70164,82293,18193,98198,83817,156471,44274,34696,42200,2293,606,27684,371,651,1189,2507,25544,28038,37410,8670,3786,30.8,136.6,9.9,63295,1.5,6.3,7
2015,서울,마포구,Y,381330,45861,289111,46358,39.8,38.9,224971,80237,99257,23845,121367,103604,193782,52494,42883,32085,2943,906,54981,578,1124,3023,2765,31189,35224,42868,8027,4216,32,115.8,9.9,63295,1.5,6.3,7
2015,서울,양천구,Y,465512,64058,352655,48799,39.6,41.2,278898,104361,118158,43535,159029,119869,236683,59417,71369,39729,5128,786,50685,460,806,5257,3046,42215,41248,64167,17578,7483,31.4,138.6,9.9,63295,1.5,6.3,7
2015,서울,강서구,Y,570507,72738,431721,66048,40.1,39.9,332438,122798,132489,50474,185854,146584,288044,63477,76314,44852,5119,1272,87750,512,1109,3863,3776,44394,42586,83641,21752,8755,33.2,138.4,9.9,63295,1.5,6.3,7
2015,서울,구로구,Y,444832,54120,336854,53858,40.9,41.3,240902,89095,92178,46291,137520,103382,207055,48975,54004,33569,2974,588,60173,517,608,2827,2820,33847,31246,60081,14637,5561,32.7,114.1,9.9,63295,1.5,6.3,7
2015,서울,금천구,Y,250690,24946,194810,30934,42,43.1,139109,55999,44575,27326,79785,59324,114538,35130,28264,30078,1872,395,14479,120,346,1327,2527,24571,19728,33264,8791,3415,35.4,102.3,9.9,63295,1.5,6.3,7
2015,서울,영등포구,Y,406528,42843,313053,50632,41.7,42,217395,79989,88303,30152,123603,93792,187423,47352,41642,26553,3378,617,60504,672,1061,3417,2227,29972,32283,44432,9376,4317,32.5,108.5,9.9,63295,1.5,6.3,7
2015,서울,동작구,Y,407894,44853,311138,51903,40.4,39.4,238310,82161,115079,30125,132694,105616,199175,50901,42240,33688,3795,1109,62537,373,629,1121,2782,39135,32674,52836,9659,4324,30.3,113.5,9.9,63295,1.5,6.3,7
2015,서울,관악구,Y,519622,48329,407681,63612,40.4,38.4,308489,108846,146128,36557,172720,135769,251327,61148,45685,43385,7006,1007,85713,337,753,1776,4517,57162,34871,75245,14471,5803,31.1,117.2,9.9,63295,1.5,6.3,7
2015,서울,서초구,Y,420804,61410,312820,46574,39.1,39.5,247628,95460,98404,37264,139019,108609,211462,48739,68931,33063,6782,2312,47853,282,1154,1207,1139,36166,36943,46424,8306,4121,31,108.1,9.9,63295,1.5,6.3,7
2015,서울,강남구,Y,541688,67877,416315,57496,39.5,39.6,323207,135349,104421,44251,180262,142945,278288,74784,87691,42007,7434,2120,57513,370,2577,2036,1756,44919,55352,61519,11674,5810,31.7,90.3,9.9,63295,1.5,6.3,7
2015,서울,송파구,Y,634941,84436,484617,65888,39.5,39.8,377150,147008,138756,56980,212256,164894,325705,76341,93650,45725,9065,2789,82899,244,1780,9534,3678,51445,60842,81801,16540,7193,31.9,121.2,9.9,63295,1.5,6.3,7
2015,서울,강동구,Y,444385,55345,338836,50204,40.5,41.1,263745,101365,101057,40046,149677,114068,233782,62597,61032,29460,5271,1564,63483,128,808,5828,3611,29963,44449,59462,11637,5134,33.2,128.4,9.9,63295,1.5,6.3,7
2015,부산,중구,Y,45377,3504,32872,9001,46.1,47.7,24586,8767,11000,946,13464,11122,23177,10373,4140,6185,432,47,1129,39,206,65,561,1409,7357,2389,458,159,34.2,88.9,8.4,51003,1.4,5.4,7.1
2015,부산,서구,Y,111996,9965,79380,22651,45.6,47.6,59068,21315,29289,2690,33065,26003,54556,16388,14051,17292,1339,157,3634,57,352,155,1131,4512,14630,7121,1045,393,32.6,140,8.4,51003,1.4,5.4,7.1
2015,부산,동구,Y,89202,7381,62507,19314,46.6,48.6,46612,15309,23220,2520,26554,20058,42599,12836,10667,12026,1064,129,4333,61,327,163,993,4013,10621,5789,1246,414,34.5,93.3,8.4,51003,1.4,5.4,7.1
2015,부산,영도구,Y,129515,11327,92796,25392,45,47,65877,27415,26199,2831,38571,27306,61425,16875,17841,21350,2364,145,724,62,428,176,1460,4452,16423,9434,2352,675,32.6,149,8.4,51003,1.4,5.4,7.1
2015,부산,부산진구,Y,376321,40353,278997,56971,42.4,43.1,208894,75913,87052,13904,117808,91086,190325,47504,62762,48231,7736,485,17994,200,1214,615,3584,18569,40976,28994,4280,1489,33,120.1,8.4,51003,1.4,5.4,7.1
2015,부산,동래구,Y,262154,31194,193283,37677,42.3,44,149561,50752,70888,13459,85512,64049,133128,34661,48274,25559,5235,398,14894,157,537,1258,2155,16433,26943,25394,3988,1195,32.3,119.7,8.4,51003,1.4,5.4,7.1
2015,부산,남구,Y,283741,32790,207840,43111,41.9,42.9,154863,55947,66155,8151,88842,66021,142410,38714,51716,32919,5201,354,9261,62,597,891,2695,12453,32501,20147,4187,1459,32.9,107.8,8.4,51003,1.4,5.4,7.1
2015,부산,북구,Y,299182,36201,227379,35602,41,42.9,167194,54006,71347,24938,97254,69940,151214,29537,60045,26902,8274,553,21888,314,421,395,2885,15980,25307,31452,3902,1558,35.4,127.5,8.4,51003,1.4,5.4,7.1
2015,부산,해운대구,Y,409037,54759,301218,53060,41,42.7,225433,93520,88958,18201,129636,95797,206488,48876,85989,38019,9741,787,17186,390,1306,1078,3116,18945,47111,39779,7963,3191,33.3,122.7,8.4,51003,1.4,5.4,7.1
2015,부산,사하구,Y,334762,40390,251026,43346,41.3,42.5,189155,73792,68456,11138,109737,79418,175490,40254,64503,44645,11156,465,9321,109,877,611,3549,13665,34600,26896,5674,1979,33.7,141.1,8.4,51003,1.4,5.4,7.1
2015,부산,금정구,Y,249444,24996,187415,37033,42.2,43.6,139892,53581,47622,17006,79133,60759,129163,39236,41530,17510,7845,680,19465,31,322,521,2023,10729,31585,20667,3495,1277,34.2,153.8,8.4,51003,1.4,5.4,7.1
2015,부산,강서구,Y,92628,15350,66848,10430,38.7,37.6,49179,27863,10794,5973,30196,18983,46702,11380,24415,5104,1648,131,786,33,45,1636,1524,2477,17461,4920,971,394,33.2,138.4,8.4,51003,1.4,5.4,7.1
2015,부산,연제구,Y,203527,24198,149370,29959,42.3,43.7,113010,40166,57135,8822,63872,49138,100408,25351,35208,17692,3525,353,15043,107,541,882,1706,12602,19294,16718,3119,1178,32.6,133,8.4,51003,1.4,5.4,7.1
2015,부산,수영구,Y,173069,17569,126342,29158,43.8,44.9,94109,31973,50018,5393,52804,41305,84446,19163,30697,16562,2835,196,12597,74,344,824,1154,9663,16057,12936,2500,959,31.6,129.1,8.4,51003,1.4,5.4,7.1
2015,부산,사상구,Y,240709,26105,185686,28918,41.3,42.6,135911,48410,50958,13137,79291,56620,127299,28770,44296,34116,7091,401,8054,46,577,1039,2909,8612,28847,18530,2354,659,35.8,141.6,8.4,51003,1.4,5.4,7.1
2015,부산,기장군,Y,148073,27192,101699,19182,38.9,39,77606,39116,21264,10567,46132,31474,73828,17883,38580,11932,2741,240,556,111,220,304,1261,3778,22026,9712,2576,968,38.4,158.6,8.4,51003,1.4,5.4,7.1
2015,대구,중구,N,78334,7988,55852,14494,43.7,44,43235,18761,15596,3587,23723,19512,40588,14915,13954,4903,743,108,3723,153,222,969,898,2647,11139,3458,535,311,34.2,88.9,7.8,42313,1.3,6.2,8
2015,대구,동구,N,339608,44084,243153,52371,42.1,43.1,180167,80525,55854,25743,104839,75328,166583,33782,76944,30087,5731,414,11097,575,592,3512,3849,13584,35829,22804,3041,1745,34.5,93.3,7.8,42313,1.3,6.2,8
2015,대구,서구,N,202963,18626,152555,31782,43.8,45.8,111595,43441,46917,10384,64974,46621,105831,27921,38946,23272,5045,288,3313,91,401,3050,3504,5764,22111,12131,1719,655,32.6,140,7.8,42313,1.3,6.2,8
2015,대구,남구,N,160164,14554,116365,29245,44.4,45.5,83208,31333,38117,7465,46788,36420,77789,19986,31593,15429,2200,168,5330,115,492,1085,1391,5419,18597,8971,1434,699,32.9,107.8,7.8,42313,1.3,6.2,8
2015,대구,북구,N,450579,64913,336742,48924,38.8,39.8,260144,115247,60626,34363,150870,109274,247509,67666,112553,37388,10762,571,5655,419,708,5757,6030,12635,67585,25479,4424,2269,35.4,127.5,7.8,42313,1.3,6.2,8
2015,대구,수성구,N,437328,63314,320276,53738,40.1,42.3,247907,106285,71527,39397,142136,105771,228913,51259,112245,35198,7805,676,14763,784,826,2837,2520,18994,50672,29476,4387,2600,33.3,124.9,7.8,42313,1.3,6.2,8
2015,대구,달서구,N,607224,83822,463621,59781,39,40.2,347844,155141,93765,37595,201470,146374,322716,76287,154049,39533,16666,889,23355,304,1108,4989,5536,25128,69413,39473,7406,3945,34.3,129.7,7.8,42313,1.3,6.2,8
2015,대구,달성군,N,189852,29410,138915,21527,39.3,40.1,106686,51236,32876,11892,63735,42951,100374,22147,52267,9614,5660,209,5324,65,228,1637,3223,6312,31249,9262,2101,1239,36.4,137.5,7.8,42313,1.3,6.2,8
2015,인천,중구,N,112910,17047,81032,14831,40.1,40.6,62210,35840,11337,9154,37421,24789,57180,13476,25542,10420,1812,249,4245,16,183,600,637,5030,15387,7470,3313,2277,34.2,88.9,8.2,60369,1.5,6.8,8.2
2015,인천,동구,N,71054,9045,49895,12114,42.9,43.6,38667,14552,15802,6536,22500,16167,36164,8664,13346,8354,917,157,3466,5,114,536,605,2503,7068,5940,2339,1395,34.5,93.3,8.2,60369,1.5,6.8,8.2
2015,인천,남구,N,405746,47789,303070,54887,41.2,41.6,228205,90035,73933,41929,133973,94232,210833,49539,79579,52013,5936,1592,16416,34,902,1401,3421,17372,37513,31852,13285,7842,32.9,107.8,8.2,60369,1.5,6.8,8.2
2015,인천,연수구,N,317172,49519,242332,25321,37.4,38.5,185830,80169,53837,35057,108047,77783,169588,35068,79883,26086,5491,2287,15881,123,662,2671,1436,16242,34497,23445,10492,7697,34.1,119.5,8.2,60369,1.5,6.8,8.2
2015,인천,남동구,N,527324,77990,398303,51031,38.7,39.3,302809,123284,67148,77604,175637,127172,272117,56635,119174,55451,7812,3082,22772,85,701,2705,3700,30692,46712,51683,20047,12779,35,93.2,8.2,60369,1.5,6.8,8.2
2015,인천,부평구,N,548461,71378,418251,58832,39.8,40.5,313896,125291,61527,101063,179846,134050,277755,65002,96781,43930,6660,1983,52249,115,876,5977,4182,36141,46145,64024,24038,12168,32.8,111.5,8.2,60369,1.5,6.8,8.2
2015,인천,계양구,N,327311,43953,254949,28409,38.8,39.9,197855,77625,46798,61904,113386,84469,177737,44755,65076,26882,5048,1673,27799,52,538,2490,3424,20118,31962,40892,13917,8148,34.9,73.4,8.2,60369,1.5,6.8,8.2
2015,인천,서구,N,499540,82803,376380,40357,37.4,38.3,285788,116952,55042,76512,168817,116971,257252,53504,118388,51785,9729,2373,13663,152,676,2908,4074,28536,50728,46481,19626,12655,32.6,140,8.2,60369,1.5,6.8,8.2
2015,인천,강화군,N,62291,5570,38551,18170,50.2,54,36884,27125,1225,4453,20748,16136,36089,14100,14466,3036,978,175,137,3,42,592,2560,795,17663,1967,785,771,34.7,118.6,8.2,60369,1.5,6.8,8.2
2015,인천,옹진군,N,18642,1752,12802,4088,46.7,49.4,12610,11929,311,354,7841,4769,12439,5538,4740,311,940,30,27,-,7,135,711,171,7325,357,176,119,27.8,75.8,8.2,60369,1.5,6.8,8.2
2015,광주,동구,N,104173,10038,74750,19385,43.3,43.6,56251,30054,14600,4356,31662,24589,54705,19743,21228,9178,1801,267,948,15,252,653,620,1546,14829,3466,451,271,34.5,93.3,7.2,42546,1.3,6.3,9.4
2015,광주,서구,N,305512,44962,227059,33491,38.9,39.8,176746,84650,51420,15945,99797,76949,170347,36618,81837,33062,10629,858,3249,59,812,1439,1784,6399,38144,13320,1882,693,32.6,140,7.2,42546,1.3,6.3,9.4
2015,광주,남구,N,221759,30263,160843,30653,40.4,41.2,124182,56400,40517,14411,67900,56282,120809,29052,57375,24005,5966,711,533,37,498,987,1645,3373,25981,10474,1324,724,32.9,107.8,7.2,42546,1.3,6.3,9.4
2015,광주,북구,N,459715,62964,345010,51741,38.9,39,260714,125859,66406,23779,147800,112914,253850,61980,119954,50389,13687,1269,214,96,853,2047,3361,6864,59308,21825,2892,1003,35.4,127.5,7.2,42546,1.3,6.3,9.4
2015,광주,광산구,N,411722,78466,302318,30938,35.2,36,238018,133074,43922,20671,136797,101221,230899,54523,116110,34490,15595,731,1513,148,648,3304,3837,7119,64508,17712,2497,1048,36.5,125,7.2,42546,1.3,6.3,9.4
2015,대전,동구,N,247975,31753,181704,34518,40.2,40.2,139103,69643,41281,14592,80474,58629,132078,41120,54257,21715,5472,711,3063,533,570,1978,2659,7025,36765,13017,1983,1397,34.5,93.3,7.4,42385,1.4,6.1,9.2
2015,대전,중구,N,250434,33575,179618,37241,41.4,42.4,139003,58050,47925,14466,78978,60025,131981,33357,58285,23768,6460,634,2462,953,725,2694,2643,7022,32204,14144,2301,2002,34.2,88.9,7.4,42385,1.4,6.1,9.2
2015,대전,서구,N,491507,71487,373243,46777,38.1,38.5,290733,130841,79194,27818,163188,127545,275705,78505,124757,44119,12831,1551,4987,742,1236,3682,3295,15028,72563,24956,4107,4145,32.6,140,7.4,42385,1.4,6.1,9.2
2015,대전,유성구,N,350015,60252,265797,23966,35.4,35.2,209078,118531,39324,22827,124237,84841,195501,55279,100355,17858,8558,1313,4933,461,391,4642,1711,13577,61114,15042,2184,3427,34.8,119.3,7.4,42385,1.4,6.1,9.2
2015,대전,대덕구,N,198463,26551,150109,21803,39.5,40.6,115513,52417,33051,11418,67218,48295,111062,29418,49616,20686,6118,527,77,395,340,1339,2546,4451,31961,9829,1793,1546,35.5,138.9,7.4,42385,1.4,6.1,9.2
2015,울산,중구,N,236988,32399,180340,24249,39.9,41.6,135507,52797,63184,6422,82973,52534,130339,25498,62018,25345,10113,388,-,78,588,3560,2751,5168,29926,9959,1498,1060,34.2,88.9,7.1,40810,1.3,4.8,9.3
2015,울산,남구,N,341363,46195,267499,27669,38.7,40.3,201207,105041,46852,8332,121935,79272,194061,49338,92585,29126,15011,691,-,121,1152,3088,2949,7146,50942,12126,1986,1443,32.9,107.8,7.1,40810,1.3,4.8,9.3
2015,울산,동구,N,176861,27288,136500,13073,37.7,37.5,99164,60242,12378,1898,66949,32215,96794,32060,16623,15663,7400,207,-,30,307,3519,20985,2370,33476,4204,879,501,34.5,93.3,7.1,40810,1.3,4.8,9.3
2015,울산,북구,N,188664,34450,142216,11998,35.9,37,108167,52046,27471,10565,69222,38945,103124,25608,45300,15200,9680,203,-,207,179,3232,3515,5043,25743,8974,1723,827,35.4,127.5,7.1,40810,1.3,4.8,9.3
2015,울산,울주군,N,222739,33809,164555,24375,39.2,40.5,125032,68593,32879,6708,76749,48283,121292,28605,63489,15278,10734,319,-,227,236,536,1868,3740,38367,8688,1498,871,36.1,146.3,7.1,40810,1.3,4.8,9.3
2015,세종,세종시,N,204088,39711,143274,21103,36.5,36.5,116408,71496,-,31835,68120,48288,110746,32227,59103,7281,5413,537,-,871,99,2489,2726,5662,41840,7488,2247,2250,38.2,134.8,6.3,35990,1.3,4.7,8.5
2015,경기,수원시,Y,1194313,180081,914372,99860,37.4,37.7,698865,290985,186917,88963,407160,291705,634683,160772,253302,122177,38268,7374,33046,1764,1864,9462,6654,64182,130694,120063,44759,18210,34.6,122.4,8.7,60549,1.5,6.2,7.8
2015,경기,장안구,Y,299611,43388,226907,29316,38.2,38.9,176178,70723,46024,26160,102327,73851,156970,42032,59189,31774,8470,1622,8930,345,376,2360,1872,19208,33151,35225,13069,4830,,,8.7,60549,1.5,6.2,7.8
2015,경기,권선구,Y,349339,51870,268383,29086,37.8,37.9,204710,83816,58337,22435,118871,85839,187572,37508,81279,38194,12912,1588,9956,675,689,2405,2366,17138,34900,35027,12287,4813,,,8.7,60549,1.5,6.2,7.8
2015,경기,팔달구,Y,208903,23939,161335,23629,40.7,41.4,114697,43101,28887,13645,65927,48770,106422,26995,38124,24681,5733,1166,6318,461,456,1252,1236,8275,21649,19191,7221,2575,,,8.7,60549,1.5,6.2,7.8
2015,경기,영통구,Y,336460,60884,257747,17829,34.3,34.7,203280,93345,53669,26723,120035,83245,183719,54237,74710,27528,11153,2998,7842,283,343,3445,1180,19561,40994,30620,12182,5992,,,8.7,60549,1.5,6.2,7.8
2015,경기,성남시,Y,948757,126039,718298,104420,39.8,40.5,555434,204398,78705,157520,318075,237359,486680,111323,163716,115283,14816,5615,65008,75,1534,3423,5887,68754,87982,116817,32784,10146,34.2,132.7,8.7,60549,1.5,6.2,7.8
2015,경기,수정구,Y,225967,23908,174385,27674,41.3,41.8,130533,45638,15219,35138,74480,56053,116920,27496,31049,30297,2658,824,21700,6,419,480,1991,13613,19838,23943,5604,2018,,,8.7,60549,1.5,6.2,7.8
2015,경기,중원구,Y,244451,28934,187492,28025,40.6,41.5,148447,58782,19362,30355,83919,64528,132492,31676,38364,39890,2941,889,15295,-,480,289,2668,15955,24077,27422,7841,2530,,,8.7,60549,1.5,6.2,7.8
2015,경기,분당구,Y,478339,73197,356421,48721,38.6,39.4,276454,99978,44124,92027,159676,116778,237268,52151,94303,45096,9217,3902,28013,69,635,2654,1228,39186,44067,65452,19339,5598,,,8.7,60549,1.5,6.2,7.8
2015,경기,의정부시,Y,421579,58187,310755,52637,40.3,41.6,239468,88205,43655,72860,136116,103352,215402,50257,76097,41502,3580,1127,35247,61,502,3178,3851,24066,42348,45252,20912,7415,34.9,118.8,8.7,60549,1.5,6.2,7.8
2015,경기,안양시,Y,585177,78834,447492,58851,39.4,40.4,351494,130765,82547,92038,201283,150211,307647,70351,103688,71887,9039,1901,41377,509,900,4590,3405,43847,53285,83255,24077,7559,33.9,142,8.7,60549,1.5,6.2,7.8
2015,경기,만안구,Y,245305,28752,187926,28627,40.7,41.6,143689,52967,33772,34684,82564,61125,126867,28249,38911,34571,3320,723,16746,304,440,1762,1841,16822,18710,31268,10085,3139,,,8.7,60549,1.5,6.2,7.8
2015,경기,동안구,Y,339872,50082,259566,30224,38.4,39.7,207805,77798,48775,57354,118719,89086,180780,42102,64777,37316,5719,1178,24631,205,460,2828,1564,27025,34575,51987,13992,4420,,,8.7,60549,1.5,6.2,7.8
2015,경기,부천시,Y,843794,108704,652920,82170,39.5,40.4,498146,199508,52852,174226,283148,214998,439624,117531,146514,75427,7821,1994,73605,402,1318,7792,7220,58522,83675,106882,37934,13489,33.5,112.2,8.7,60549,1.5,6.2,7.8
2015,경기,원미구,Y,440396,58069,343390,38937,39,39.5,262936,111862,26356,90753,148411,114525,235072,66319,77347,32055,4427,1266,44161,229,671,5513,3084,27864,47917,55654,20186,6884,,,8.7,60549,1.5,6.2,7.8
2015,경기,소사구,Y,221553,27912,169141,24500,40.4,41.2,127659,45418,16282,47735,72772,54887,111656,26841,35944,20142,1917,444,23667,106,267,694,1634,16003,17806,31234,9389,3322,,,8.7,60549,1.5,6.2,7.8
2015,경기,오정구,Y,181845,22723,140389,18733,39.9,41.4,107551,42228,10214,35738,61965,45586,92896,24371,33223,23230,1477,284,5777,67,380,1585,2502,14655,17952,19994,8359,3283,,,8.7,60549,1.5,6.2,7.8
2015,경기,광명시,Y,338509,52021,251939,34549,38.9,39.7,192940,71282,27688,82327,111081,81859,168058,42976,49949,32699,2837,570,32746,404,528,2688,2661,24882,29460,46290,12688,4446,33.2,124.6,8.7,60549,1.5,6.2,7.8
2015,경기,평택시,Y,457873,71137,337519,49217,38.5,39,262274,145882,31966,22139,158080,104194,248895,58703,124040,27997,21719,1470,6421,622,643,2411,4869,13379,78192,18876,5991,4128,36.5,128.5,8.7,60549,1.5,6.2,7.8
2015,경기,동두천시,Y,97424,13510,68518,15396,41.6,42.6,51672,23573,14649,5332,29449,22223,49215,12764,21351,4514,1954,117,6372,21,270,969,883,2457,13712,4327,2248,1554,34,125.9,8.7,60549,1.5,6.2,7.8
2015,경기,안산시,Y,747035,100000,589284,57751,38,39,422178,206141,82229,43201,248410,173768,390925,92753,168578,59396,28369,2485,25328,151,1401,6049,6415,31253,83926,60768,23036,11521,36.3,125.2,8.7,60549,1.5,6.2,7.8
2015,경기,상록구,Y,383508,53170,298301,32037,37.9,38.7,223968,104092,46623,26551,131579,92389,205174,49095,87365,31803,11834,1622,15852,118,783,3034,3668,18794,42895,36277,13364,6356,,,8.7,60549,1.5,6.2,7.8
2015,경기,단원구,Y,363527,46830,290983,25714,38.2,39.2,198210,102049,35606,16650,116831,81379,185751,43658,81213,27593,16535,863,9476,33,618,3015,2747,12459,41031,24491,9672,5165,,,8.7,60549,1.5,6.2,7.8
2015,경기,고양시,Y,990073,144238,736690,109145,39.4,41,570789,232485,62889,186854,326936,243853,503254,116784,199631,93326,14355,4248,59870,653,1296,6914,6177,67535,104875,119171,48504,21139,35,116.9,8.7,60549,1.5,6.2,7.8
2015,경기,덕양구,Y,425100,61320,312663,51117,39.9,41.1,242411,92999,24154,87301,140086,102325,209448,47334,79702,40882,5317,1486,28353,178,597,1983,3616,32963,42818,55449,18651,7424,,,8.7,60549,1.5,6.2,7.8
2015,경기,일산동구,Y,277925,37967,211347,28611,39.4,40.9,163515,70461,17033,50725,92128,71387,145769,34341,61339,26822,3824,1413,13614,209,351,2503,1353,17746,31115,33108,14074,6129,,,8.7,60549,1.5,6.2,7.8
2015,경기,일산서구,Y,287048,44951,212680,29417,38.7,40.8,164863,69025,21702,48828,94722,70141,148037,35109,58590,25622,5214,1349,17903,266,348,2428,1208,16826,30942,30614,15779,7586,,,8.7,60549,1.5,6.2,7.8
2015,경기,과천시,Y,64817,9093,48201,7523,40.1,42.1,38259,12013,8104,16426,21602,16657,32815,8930,9954,4195,751,250,7631,65,36,775,228,5444,6437,9997,1648,755,32.3,132.9,8.7,60549,1.5,6.2,7.8
2015,경기,구리시,Y,180063,25609,135729,18725,39.3,40.8,106631,45189,18077,40385,60749,45882,91601,26074,33255,18903,1827,416,7466,55,395,1649,1561,15030,19872,23455,5848,2269,35.9,116.5,8.7,60549,1.5,6.2,7.8
2015,경기,남양주시,Y,629061,106236,451479,71346,38.9,40.2,356094,152052,51528,114919,208178,147916,317097,66312,146955,61831,5119,2008,24952,205,699,2272,6744,38997,66977,70944,29028,12407,39.3,124.7,8.7,60549,1.5,6.2,7.8
2015,경기,오산시,Y,213840,39858,158347,15635,35.7,36.2,120622,48175,54365,9425,72659,47963,113264,22210,57153,13351,11953,1030,4006,94,169,1737,1561,7358,25616,13254,4804,2364,35.4,123.8,8.7,60549,1.5,6.2,7.8
2015,경기,시흥시,Y,425184,62690,331710,30784,37.4,38.5,242364,128038,55135,33962,147153,95211,224054,54240,109098,32269,11296,1019,8006,96,598,3217,4215,18310,53069,30530,12253,7474,37.8,134.2,8.7,60549,1.5,6.2,7.8
2015,경기,군포시,Y,285721,43547,214686,27488,38.5,39.1,166792,56875,58620,37138,95869,70923,147585,34578,51423,23209,4575,663,29930,238,215,1197,1557,19207,27817,37879,11621,3262,35.1,121.6,8.7,60549,1.5,6.2,7.8
2015,경기,의왕시,Y,154879,22033,116866,15980,39.3,40.3,91036,27834,37524,21841,52919,38117,78888,17080,32656,16668,2026,372,7919,75,172,836,1084,12148,14486,20577,6177,1978,35,92.3,8.7,60549,1.5,6.2,7.8
2015,경기,하남시,Y,154838,22380,114012,18446,40.4,41.4,89170,32906,11331,33747,52469,36701,78037,18004,34565,18007,1900,387,1724,10,190,1738,1512,11133,18860,16109,6102,2262,38.9,130.3,8.7,60549,1.5,6.2,7.8
2015,경기,용인시,Y,971327,168693,698350,104284,37.7,38.6,544722,231010,132309,106416,321400,223322,487517,108054,232700,83363,24149,6846,23276,213,701,3050,5165,57205,107789,95474,36888,16529,36.2,128.7,8.7,60549,1.5,6.2,7.8
2015,경기,처인구,Y,231892,32080,173303,26509,38.9,38.9,133641,74358,20578,10674,78475,55166,127688,28953,62620,20661,7922,1814,2009,23,225,855,2606,5953,39146,14195,4939,2837,,,8.7,60549,1.5,6.2,7.8
2015,경기,기흥구,Y,407238,76305,290246,40687,36.9,37.9,227683,93661,60317,44376,134333,93350,202006,43080,97042,33411,9394,2885,12961,66,222,1060,1885,25677,41081,40631,16121,7217,,,8.7,60549,1.5,6.2,7.8
2015,경기,수지구,Y,332197,60308,234801,37088,37.8,39.2,183398,62991,51414,51366,108592,74806,157823,36021,73038,29291,6833,2147,8306,124,254,1135,674,25575,27562,40648,15828,6475,,,8.7,60549,1.5,6.2,7.8
2015,경기,파주시,Y,415345,69493,296965,48887,38.5,38.8,234989,119639,38252,32940,139324,95665,218756,51460,103765,34180,10369,1079,11319,140,473,2153,3818,16233,57779,25546,13002,7415,37.7,118.7,8.7,60549,1.5,6.2,7.8
2015,경기,이천시,Y,209003,32316,152535,24152,38.7,38.7,125766,76332,10782,6769,71317,54449,121624,40032,54710,9880,10521,1766,137,-,162,935,3481,4142,47649,5901,2469,1376,37.4,143.3,8.7,60549,1.5,6.2,7.8
2015,경기,안성시,Y,194765,27351,141292,26122,40,39.8,112591,67165,13421,7832,65673,46918,108753,30086,54149,11178,6783,1441,376,32,166,1034,3508,3838,43698,6056,2012,1361,37.7,127.1,8.7,60549,1.5,6.2,7.8
2015,경기,김포시,Y,352683,60932,254818,36933,38.1,38.7,193202,84262,16102,60912,115374,77828,174339,40109,87428,32292,4003,2120,3052,78,284,1806,3167,18863,44780,30654,15740,8244,39,138.9,8.7,60549,1.5,6.2,7.8
2015,경기,화성시,Y,608725,119028,441595,48102,35.7,36.3,346878,177497,80269,26610,212410,134468,322525,80320,163811,38578,21700,2580,6323,52,560,3043,5558,24353,99077,38122,13525,7081,38.2,125.2,8.7,60549,1.5,6.2,7.8
2015,경기,광주시,Y,310278,47170,231141,31967,39,39.5,179137,82254,48220,26591,107056,72081,168209,25468,93638,36928,5491,1288,998,18,342,765,3273,10928,38564,27007,8942,4189,40.9,190.2,8.7,60549,1.5,6.2,7.8
2015,경기,양주시,Y,205988,32331,147960,25697,39.7,40.9,113773,53969,25598,18434,66938,46835,103010,22723,49078,17541,2675,289,7091,9,217,875,2512,10763,29928,13403,7612,4153,38.1,126.6,8.7,60549,1.5,6.2,7.8
2015,경기,포천시,Y,163388,19012,121210,23166,41.6,42.3,90168,59004,7302,4650,53773,36395,87734,27085,41713,11621,3413,513,204,-,113,545,2527,2434,37112,4378,1903,1658,38.8,99.6,8.7,60549,1.5,6.2,7.8
2015,경기,여주시,Y,109937,14177,77075,18685,42.8,44.1,62434,45004,6793,2898,36114,26320,60932,15098,32658,6136,3350,746,82,4,127,502,2229,1502,26907,2475,1053,681,38.2,147.2,8.7,60549,1.5,6.2,7.8
2015,경기,연천군,Y,43846,5102,28992,9752,45.5,47.7,24804,17547,2944,815,14931,9873,24165,7436,11506,1959,712,86,392,4,22,248,1800,639,11499,865,394,480,37.3,136.1,8.7,60549,1.5,6.2,7.8
2015,경기,가평군,Y,58909,6633,39656,12620,46,48.8,32858,27506,1872,2906,18833,14025,31943,13854,12923,1374,885,209,1339,23,14,517,805,915,16692,1951,1043,531,36.5,148.1,8.7,60549,1.5,6.2,7.8
2015,경기,양평군,Y,101930,12197,68215,21518,45.6,48.1,53190,36618,4122,8112,31274,21916,50282,15750,24627,2913,1194,116,3618,180,121,469,1294,2908,22004,5021,3078,1785,37.6,114.8,8.7,60549,1.5,6.2,7.8
2015,강원,춘천시,N,281596,37685,203325,40586,40.8,41.5,159886,84945,9386,6180,87999,71887,153740,45457,77508,15586,7251,1246,-,148,1344,2615,2585,6146,56537,7082,2616,2373,32.6,128.3,6.2,35797,1.2,5,11.3
2015,강원,원주시,N,330854,48048,242132,40674,39.9,41,191717,102848,9988,8164,109711,82006,185684,47110,96572,21778,11418,1476,-,251,1574,1835,3670,6033,66154,9290,2492,2109,35.4,127.3,6.2,35797,1.2,5,11.3
2015,강원,강릉시,N,215677,25959,153516,36202,42.5,43.8,123063,73368,6616,805,69920,53143,120364,35383,62486,12167,4502,455,-,31,985,1630,2725,2699,52054,4324,864,705,33.2,149.8,6.2,35797,1.2,5,11.3
2015,강원,동해시,N,90255,12867,62813,14575,42.5,44.2,47810,27089,5783,380,28457,19353,46792,10860,27139,5707,1616,205,-,38,195,412,620,1018,20486,1609,294,148,34,122.1,6.2,35797,1.2,5,11.3
2015,강원,태백시,N,46715,5892,32009,8814,44.4,46.7,24353,14667,3293,561,14364,9989,23753,6294,12166,2145,2380,43,-,2,348,17,358,600,11508,429,77,63,37.1,144.6,6.2,35797,1.2,5,11.3
2015,강원,속초시,N,79846,10826,56646,12374,42.6,44.7,44711,25226,6676,308,25253,19458,43836,11243,23032,6467,1570,166,-,-,374,388,596,875,17570,1020,235,286,32.7,124,6.2,35797,1.2,5,11.3
2015,강원,삼척시,N,69509,7387,48103,14019,44.3,45.9,39027,27812,2949,475,23150,15877,38342,14100,17426,1717,3401,131,-,-,235,490,842,685,19829,1185,152,53,35,122.4,6.2,35797,1.2,5,11.3
2015,강원,홍천군,N,67190,7780,45134,14276,45.9,48.7,40366,36673,1501,705,23105,17261,39832,16406,17021,2306,1446,292,-,-,147,536,1678,534,22564,1476,427,194,36,199.4,6.2,35797,1.2,5,11.3
2015,강원,횡성군,N,42669,4136,28005,10528,48,51.7,26356,22748,2227,415,14836,11520,25832,11872,9602,1397,919,163,-,-,35,196,1648,524,15588,788,210,187,36.8,119.7,6.2,35797,1.2,5,11.3
2015,강원,영월군,N,36967,3530,24157,9280,48.5,52.1,21861,19817,657,752,12349,9512,21472,8604,10222,669,519,87,-,24,72,167,1108,389,13319,478,73,154,35.5,115.6,6.2,35797,1.2,5,11.3
2015,강원,평창군,N,40427,4274,26961,9192,47.6,50.6,24680,22883,532,120,14298,10382,24466,9335,11905,739,783,103,-,-,8,320,1273,214,15431,573,61,64,36,123.9,6.2,35797,1.2,5,11.3
2015,강원,정선군,N,36701,3768,24635,8298,47.4,50.3,21862,19462,629,83,12842,9020,21581,8440,8998,937,2154,27,-,-,70,193,762,281,12957,397,72,45,35.8,145.5,6.2,35797,1.2,5,11.3
2015,강원,철원군,N,46025,6088,31304,8633,42.7,43.5,26806,22035,197,1639,16345,10461,26050,7607,13161,1229,866,201,-,-,60,371,2555,756,13384,498,132,198,35.9,119.9,6.2,35797,1.2,5,11.3
2015,강원,화천군,N,25343,3254,17442,4647,41.9,41.1,15449,13903,633,184,9600,5849,15105,5747,6827,884,445,116,-,-,27,389,670,344,9208,298,61,46,36.1,126.4,6.2,35797,1.2,5,11.3
2015,강원,양구군,N,22497,3064,15501,3932,41.8,42,13417,11694,347,70,8063,5354,13245,4148,6861,611,337,86,-,-,15,237,950,172,8500,233,60,53,35.3,113.8,6.2,35797,1.2,5,11.3
2015,강원,인제군,N,31219,4310,21528,5381,42.6,43.5,18645,17443,392,96,11415,7230,18450,7945,8267,627,764,55,-,-,6,131,655,195,11818,320,56,65,37.1,112.2,6.2,35797,1.2,5,11.3
2015,강원,고성군,N,28689,2396,19652,6641,45.7,48,17485,14223,1512,63,10193,7292,17241,7506,6576,1419,564,37,-,-,11,259,869,244,10203,218,64,51,35.8,123.7,6.2,35797,1.2,5,11.3
2015,강원,양양군,N,25861,2505,16605,6751,48.9,52.3,15467,12155,1702,58,8553,6914,15264,6056,6772,1077,392,40,-,-,4,134,789,203,9594,268,73,50,34.8,110.5,6.2,35797,1.2,5,11.3
2015,충북,충주시,N,211005,26148,151350,33507,42.1,43.3,122157,73971,6873,3284,70677,51480,119442,35935,59966,6707,8471,683,-,188,907,2203,4382,2715,50994,4800,1210,1136,35.4,136.1,6.3,37924,1.2,4.4,10.2
2015,충북,제천시,N,136350,16515,96708,23127,43,45.1,79061,46443,4093,3496,45860,33201,77220,22300,38682,6526,4472,351,-,205,637,612,3435,1841,35658,1789,426,584,34.6,113.4,6.3,37924,1.2,4.4,10.2
2015,충북,청주시,N,833276,128319,617076,87881,38.3,38.5,486558,290323,29651,28081,278471,208087,468451,125316,228879,54035,39087,3441,-,606,2308,6183,8596,18107,136446,37634,6951,4200,35.1,133.5,6.3,37924,1.2,4.4,10.2
2015,충북,상당구,N,171877,24821,124646,22410,40.3,41.7,98431,56776,5891,4517,56155,42276,94962,25244,46055,12519,7194,545,-,29,525,913,1938,3469,26159,8636,1402,805,,,6.3,37924,1.2,4.4,10.2
2015,충북,서원구,N,222721,33442,165790,23489,38.4,38.7,128360,75883,6475,8122,72719,55641,123143,33569,59684,14791,10076,850,-,56,579,1659,1879,5217,33003,10803,1997,1209,,,6.3,37924,1.2,4.4,10.2
2015,충북,흥덕구,N,255542,39597,193322,22623,37.4,37.4,153779,89853,7190,10862,87843,65936,147571,41561,70309,15604,12414,1291,-,448,903,2318,2723,6208,46240,11255,2225,1386,,,6.3,37924,1.2,4.4,10.2
2015,충북,청원구,N,183136,30459,133318,19359,37.5,36.9,105988,67811,10095,4580,61754,44234,102775,24942,52831,11121,9403,755,-,73,301,1293,2056,3213,31044,6940,1327,800,,,6.3,37924,1.2,4.4,10.2
2015,충북,보은군,N,32522,3035,19605,9882,50.7,54.5,19540,17149,618,274,10867,8673,19291,7825,7061,770,718,74,-,-,41,405,2397,249,11657,414,81,46,36.6,149.6,6.3,37924,1.2,4.4,10.2
2015,충북,옥천군,N,50704,5413,32654,12637,47.5,50.5,27992,23307,807,3073,16165,11827,27551,8832,12777,1523,1034,179,-,146,102,354,2604,441,13792,1204,243,157,35.6,128.9,6.3,37924,1.2,4.4,10.2
2015,충북,영동군,N,49542,4724,31641,13177,47.7,50.7,29441,26469,441,1150,16581,12860,28791,8907,11396,1449,1687,68,-,243,37,999,4005,650,16783,590,136,173,34.7,119.6,6.3,37924,1.2,4.4,10.2
2015,충북,진천군,N,71152,9392,50906,10854,41.8,42.4,39759,28659,5780,1661,24006,15753,38986,9985,21074,2149,3149,432,-,6,56,425,1710,773,19254,1413,386,320,37.9,125,6.3,37924,1.2,4.4,10.2
2015,충북,괴산군,N,37830,2754,24155,10921,49.9,54,21460,18236,1689,396,12445,9015,21249,8408,7732,1366,529,159,-,2,47,442,2564,211,12321,601,216,168,36.8,114.8,6.3,37924,1.2,4.4,10.2
2015,충북,음성군,N,102023,12713,73431,15879,42.2,42.9,59070,45400,3542,2434,35495,23575,58181,17685,30429,2397,3704,603,-,18,90,404,2851,889,32289,1590,386,203,38.8,144.7,6.3,37924,1.2,4.4,10.2
2015,충북,단양군,N,28770,2772,18423,7575,49.3,53.2,17247,14429,917,335,9683,7564,17040,6339,6411,1424,547,21,-,10,34,204,2050,207,9567,295,53,99,36.3,139.2,6.3,37924,1.2,4.4,10.2
2015,충북,증평군,N,36173,5624,25456,5093,40.1,40.3,21298,14027,6617,567,12247,9051,20955,5959,10689,1481,1445,133,-,73,52,429,694,343,9247,921,225,154,37.3,135,6.3,37924,1.2,4.4,10.2
2015,충남,천안시,N,629062,98090,476272,54700,36.9,36.4,377411,196468,41690,27481,220399,157012,360464,87683,181768,36907,39690,2418,524,1575,1656,2423,5820,16947,112531,23318,6388,4497,35.5,120.8,6.5,39345,1.4,5,9.7
2015,충남,동남구,N,277781,40202,208213,29366,38.2,37.9,164833,82263,14703,11731,95203,69630,158486,42316,76429,18198,14552,1305,134,577,715,1070,3190,6347,51149,10016,2764,1701,,,6.5,39345,1.4,5,9.7
2015,충남,서북구,N,351281,57888,268059,25334,35.9,35.5,212578,114205,26987,15750,125196,87382,201978,45367,105339,18709,25138,1113,390,998,941,1353,2630,10600,61382,13302,3624,2796,,,6.5,39345,1.4,5,9.7
2015,충남,공주시,N,113542,12031,78208,23303,44.4,46.2,66685,47931,3117,5692,36904,29781,65437,23465,27870,5702,3558,442,-,22,173,801,3404,1248,29971,2811,547,440,38,120.9,6.5,39345,1.4,5,9.7
2015,충남,보령시,N,101852,12224,67885,21743,45.3,47,59280,42554,2420,765,34679,24601,58104,19740,27995,4567,1665,197,-,182,115,957,2686,1176,27397,1175,389,248,35.7,131.3,6.5,39345,1.4,5,9.7
2015,충남,아산시,N,319929,53976,232684,33269,36.9,36.1,181381,107372,24732,8505,110104,71277,175551,47458,88091,12811,19751,627,951,869,559,1527,2907,5830,62080,7662,2630,1610,36.6,119.6,6.5,39345,1.4,5,9.7
2015,충남,서산시,N,169221,26227,116279,26715,41,41.7,100833,67812,5649,1020,60556,40277,98497,31095,45053,6442,10313,419,5,22,124,1190,3834,2336,43830,3581,479,334,36.2,144.8,6.5,39345,1.4,5,9.7
2015,충남,논산시,N,124246,14109,83490,26647,44.7,46.2,71066,53079,2937,3627,39908,31158,69776,24183,30651,4263,2930,294,-,200,172,1868,5215,1290,36076,1811,407,253,38,148.9,6.5,39345,1.4,5,9.7
2015,충남,계룡시,N,39243,7590,28090,3563,37.6,40,21725,11448,2895,5099,12543,9182,20893,4873,12460,1723,1183,101,-,150,17,179,207,832,7695,1392,383,373,37.5,135.5,6.5,39345,1.4,5,9.7
2015,충남,당진시,N,163762,25517,112285,25960,40.9,40.9,97622,78733,3124,1520,61028,36594,95782,29634,48714,6830,6972,359,6,4,169,288,2806,1840,48124,2326,568,313,37.6,117.3,6.5,39345,1.4,5,9.7
2015,충남,금산군,N,55923,5816,36275,13832,46.5,49,33088,28511,258,2602,18829,14259,32645,14773,12337,1350,957,278,-,7,25,500,2418,443,17813,1072,260,227,37.5,119.6,6.5,39345,1.4,5,9.7
2015,충남,부여군,N,69017,6514,42495,20008,49.5,53.2,41454,34574,2321,737,22872,18582,40824,12735,17603,2724,974,158,2,18,118,998,5494,630,23256,784,250,115,37.1,138,6.5,39345,1.4,5,9.7
2015,충남,서천군,N,54768,4972,32852,16944,50.5,54.1,32414,26736,560,1073,18139,14275,32025,12532,12740,1568,743,48,-,64,98,821,3411,389,20111,446,132,110,36,109.1,6.5,39345,1.4,5,9.7
2015,충남,청양군,N,31653,2741,18999,9913,50.4,54.3,20671,18083,1041,258,11227,9444,20504,8943,6688,861,630,107,-,-,21,452,2802,167,14148,250,74,90,36.2,173.6,6.5,39345,1.4,5,9.7
2015,충남,홍성군,N,94114,11984,62289,19841,44.1,45.4,58935,48323,4222,719,32847,26088,58056,22940,26836,2980,1193,145,8,168,92,530,3164,879,31897,1238,287,353,36.6,139.2,6.5,39345,1.4,5,9.7
2015,충남,예산군,N,81747,7982,52980,20785,47.6,50.5,50577,38336,5001,793,28195,22382,49866,18211,21641,3544,2125,382,-,246,42,595,3080,711,29430,1315,328,390,37.2,150.5,6.5,39345,1.4,5,9.7
2015,충남,태안군,N,59723,6264,37918,15541,48,51.3,39323,33639,1419,242,21479,17844,38828,17226,14787,2295,1486,140,-,-,15,128,2751,495,22964,515,116,137,35.8,122.2,6.5,39345,1.4,5,9.7
2015,전북,전주시,N,658172,97690,481648,78834,39,39.6,377509,197870,63366,5439,212337,165172,369119,98630,184363,44879,26949,1698,-,308,2295,5257,4740,8390,111171,22796,2522,1959,35.1,133.1,6.8,38282,1.3,4.8,9.5
2015,전북,완산구,N,367243,53537,269797,43909,39.2,40.1,210593,109744,32586,3027,117188,93405,205835,52979,104625,26657,14262,1110,-,104,1371,2480,2247,4758,60958,12999,1397,1139,,,6.8,38282,1.3,4.8,9.5
2015,전북,덕진구,N,290929,44153,211851,34925,38.7,39,166916,88126,30780,2412,95149,71767,163284,45651,79738,18222,12687,588,-,204,924,2777,2493,3632,50213,9797,1125,820,,,6.8,38282,1.3,4.8,9.5
2015,전북,군산시,N,275155,39986,195295,39874,40.7,41.4,146585,78757,8004,3830,89941,56644,143742,36462,71317,13762,15047,517,-,21,814,2466,3336,2843,52015,4889,789,454,36,120.7,6.8,38282,1.3,4.8,9.5
2015,전북,익산시,N,301723,40196,215563,45964,41.1,41.9,167929,104452,18142,2986,97099,70830,164998,48044,75129,14862,16580,529,-,418,897,3104,5435,2931,62703,5902,933,732,35.7,127.1,6.8,38282,1.3,4.8,9.5
2015,전북,정읍시,N,110627,13169,70634,26824,46.1,47.9,60779,42465,3635,886,34093,26686,59671,19608,24705,3439,3613,462,-,232,408,1916,5288,1108,29649,2074,339,228,36.5,117.1,6.8,38282,1.3,4.8,9.5
2015,전북,남원시,N,80499,10060,50501,19938,46.4,48.5,46926,33734,1386,1142,25687,21239,46019,13798,18816,2566,1424,219,-,157,153,2769,6117,907,25207,1264,350,131,35.7,102.7,6.8,38282,1.3,4.8,9.5
2015,전북,김제시,N,84269,8680,51870,23719,48.6,51.6,45969,32477,7628,368,26000,19969,45405,13945,19176,2622,2389,331,-,29,220,1356,5337,564,22661,1558,263,178,38,134.6,6.8,38282,1.3,4.8,9.5
2015,전북,완주군,N,95357,13655,63822,17880,42.3,42.6,53101,33726,15395,810,31452,21649,52269,16247,24268,5303,1962,131,-,13,110,1324,2911,832,23762,2475,393,273,38.7,136.6,6.8,38282,1.3,4.8,9.5
2015,전북,진안군,N,22886,2284,13016,7586,51.2,54.9,13299,12049,725,82,7258,6041,13232,4974,4952,645,359,106,-,-,33,127,2036,67,7676,312,113,16,38.6,132.1,6.8,38282,1.3,4.8,9.5
2015,전북,무주군,N,23408,2445,13844,7119,50,53.4,14597,13695,180,338,7935,6662,14423,5904,5376,628,325,85,-,-,12,116,1977,174,8715,317,69,43,36.7,132.2,6.8,38282,1.3,4.8,9.5
2015,전북,장수군,N,21620,2375,12746,6499,49.4,53.2,13638,12287,498,138,7445,6193,13498,5202,5296,462,339,14,-,2,9,177,1997,140,8936,175,64,78,36.3,98.3,6.8,38282,1.3,4.8,9.5
2015,전북,임실군,N,25935,2486,14534,8915,51.4,55.1,15655,13275,1416,113,8676,6979,15531,6539,4857,859,427,144,-,21,60,268,2356,124,9379,515,88,69,39.1,157.1,6.8,38282,1.3,4.8,9.5
2015,전북,순창군,N,26707,2787,15170,8750,50.4,54,16323,14552,403,564,8543,7780,16010,5757,5662,492,459,66,-,-,12,618,2944,313,9943,316,74,23,37.2,108.4,6.8,38282,1.3,4.8,9.5
2015,전북,고창군,N,55665,5549,33101,17015,49.5,53.1,32641,29737,638,465,17904,14737,32334,12942,13155,1226,466,90,-,-,130,249,4076,307,20281,510,93,69,36.6,128.4,6.8,38282,1.3,4.8,9.5
2015,전북,부안군,N,52091,5135,31510,15446,49.5,53,30617,27138,1521,127,16404,14213,30288,11652,11571,1619,998,154,-,-,92,664,3538,329,17316,774,126,45,37.1,127.6,6.8,38282,1.3,4.8,9.5
2015,전남,목포시,N,239524,37244,170952,31328,39.7,40.6,130367,63169,31253,1440,76134,54233,127361,32443,62335,19103,8947,521,-,120,622,1356,1914,3006,40592,5353,807,443,33.7,124.5,6.9,36549,1.3,4.2,10.4
2015,전남,여수시,N,273761,38283,192415,43063,42,43.6,149348,84398,4467,1029,90837,58511,145909,39286,68418,20928,12888,427,-,31,753,288,2890,3439,45508,3040,636,438,35.5,142.3,6.9,36549,1.3,4.2,10.4
2015,전남,순천시,N,265390,40760,189261,35369,39.9,41.4,153456,101662,24062,1661,87199,66257,149940,39005,72589,19807,12214,443,-,178,732,1094,3878,3516,49767,6738,885,469,37.2,117.8,6.9,36549,1.3,4.2,10.4
2015,전남,나주시,N,92582,10949,60075,21558,45.2,46.4,54563,42140,2145,4915,30282,24281,53676,18784,21337,4089,2058,439,-,12,130,1132,5695,887,26498,2205,348,169,38.5,121.9,6.9,36549,1.3,4.2,10.4
2015,전남,광양시,N,144414,23968,104696,15750,38.7,40.2,85617,62272,8154,1560,52013,33604,83331,21376,44127,5419,7647,282,-,8,289,1443,2740,2286,32006,2338,349,260,36.3,106.6,6.9,36549,1.3,4.2,10.4
2015,전남,담양군,N,43634,3922,27067,12645,48.8,52.2,24769,18872,593,4436,13755,11014,24472,8392,9608,1707,619,245,-,-,26,1185,2690,297,11895,1009,157,94,38.2,146.3,6.9,36549,1.3,4.2,10.4
2015,전남,곡성군,N,28617,2529,16694,9394,50.3,53.8,18087,15792,315,668,9520,8567,17934,8148,5340,745,490,180,-,52,36,514,2429,153,11239,511,98,32,37.4,107.2,6.9,36549,1.3,4.2,10.4
2015,전남,구례군,N,24595,2464,14278,7853,50.7,54.1,14621,12392,518,255,7819,6802,14502,5925,5672,662,246,34,-,20,18,181,1744,119,8852,260,49,13,36.9,125.7,6.9,36549,1.3,4.2,10.4
2015,전남,고흥군,N,62477,5025,33734,23718,54.1,58,38836,35890,795,77,20485,18351,38572,18085,10792,1562,506,123,-,-,59,590,6855,264,22929,464,119,11,38,139.3,6.9,36549,1.3,4.2,10.4
2015,전남,보성군,N,40688,3997,22434,14257,51.7,55.8,25089,22251,1377,280,13513,11576,24876,9111,8441,1336,469,105,-,-,49,430,4935,213,13705,564,119,36,40,114.3,6.9,36549,1.3,4.2,10.4
2015,전남,화순군,N,61380,7711,38889,14780,45.6,47.3,36611,25707,1735,6732,19466,17145,35951,14325,14015,3807,1547,96,-,10,87,299,1765,660,14136,2172,470,109,38.8,292.5,6.9,36549,1.3,4.2,10.4
2015,전남,장흥군,N,36890,3749,21395,11746,50.5,54,21773,19961,662,164,11784,9989,21525,8392,7763,782,351,64,-,-,34,494,3645,248,13005,420,71,19,37.4,122.7,6.9,36549,1.3,4.2,10.4
2015,전남,강진군,N,35126,3906,20277,10943,49.5,53.4,20997,18345,1122,128,11057,9940,20810,8049,7826,709,257,91,-,-,55,430,3393,187,11780,310,86,14,37.6,163.4,6.9,36549,1.3,4.2,10.4
2015,전남,해남군,N,69237,7968,41268,20001,48.7,52.1,42534,39201,1054,201,23197,19337,41735,15636,13409,1523,1171,94,-,-,165,307,9430,799,23324,670,100,44,37.9,112.2,6.9,36549,1.3,4.2,10.4
2015,전남,영암군,N,61535,7642,41171,12722,43.8,44.2,34502,30963,1807,257,20487,14015,34160,10944,12397,1547,1087,70,-,-,22,3126,4967,342,18355,727,78,49,38.3,69.7,6.9,36549,1.3,4.2,10.4
2015,전남,무안군,N,80521,12191,53438,14892,41.4,41.6,48241,33939,11133,673,27198,21043,47287,16661,19492,2485,1798,256,-,26,115,391,6063,954,21357,1730,283,205,38,145,6.9,36549,1.3,4.2,10.4
2015,전남,함평군,N,31367,2876,17937,10554,51.1,54.8,18639,16270,873,864,10170,8469,18398,7290,5747,799,588,98,-,14,36,309,3517,241,11056,454,56,19,38,132.4,6.9,36549,1.3,4.2,10.4
2015,전남,영광군,N,51007,5942,31243,13822,47.4,50.3,29774,26714,462,921,16661,13113,29452,10915,11552,1340,898,258,-,9,91,455,3934,322,16987,701,145,52,36.9,119.5,6.9,36549,1.3,4.2,10.4
2015,전남,장성군,N,42058,4930,25407,11721,47.6,50.2,22794,17664,545,2929,12948,9846,22487,8003,9536,1052,836,256,-,28,49,480,2247,307,11078,741,168,47,38.2,123.2,6.9,36549,1.3,4.2,10.4
2015,전남,완도군,N,48468,5366,28789,14313,49.2,52.7,28443,27699,360,94,16231,12212,27918,11461,9828,651,851,40,-,2,75,187,4823,525,18461,264,72,87,34.6,118.5,6.9,36549,1.3,4.2,10.4
2015,전남,진도군,N,29538,3115,16954,9469,50.2,53.9,18378,17342,210,8,9950,8428,18251,7254,5493,649,185,7,-,-,36,123,4504,127,11611,182,23,4,36.2,137.4,6.9,36549,1.3,4.2,10.4
2015,전남,신안군,N,36235,2730,21052,12453,52.6,56.1,22351,21665,396,54,12740,9611,22219,10696,5229,785,395,17,-,-,31,274,4792,132,13897,262,47,21,32.7,126.1,6.9,36549,1.3,4.2,10.4
2015,경북,포항시,N,511804,70403,376675,64726,41.1,42.9,280725,152068,13441,3465,169674,111051,272335,63999,142273,21743,29004,1033,-,157,1317,5474,7335,8390,93779,10658,2048,1231,34,120.4,6.3,38433,1.3,5.3,9.3
2015,경북,남구,N,243870,33223,180851,29796,41,42.7,134054,74475,6555,1669,82875,51179,129854,31318,67338,9999,13215,531,-,31,691,3465,3266,4200,48516,4616,837,603,32.9,107.8,6.3,38433,1.3,5.3,9.3
2015,경북,북구,N,267934,37180,195824,34930,41.2,43.1,146671,77593,6886,1796,86799,59872,142481,32681,74935,11744,15789,502,-,126,626,2009,4069,4190,45263,6042,1211,628,35.4,127.5,6.3,38433,1.3,5.3,9.3
2015,경북,경주시,N,262310,30115,185826,46369,43.4,44.8,147370,88488,8301,5559,85883,61487,143768,41954,68790,12095,11148,760,-,209,647,3098,5067,3602,62849,6384,1208,559,35.6,128,6.3,38433,1.3,5.3,9.3
2015,경북,김천시,N,137540,16521,93712,27307,44.1,45.7,80785,50003,5788,1684,45657,35128,79004,19941,36416,6573,4956,133,-,487,235,1100,9163,1781,36893,2293,446,393,34.5,132.5,6.3,38433,1.3,5.3,9.3
2015,경북,안동시,N,168581,21157,114456,32968,43.7,45.1,98563,63238,5789,785,54711,43852,96859,28434,45751,10169,2975,181,-,64,422,987,7876,1704,42959,2980,487,350,35.8,124.5,6.3,38433,1.3,5.3,9.3
2015,경북,구미시,N,421075,70693,320237,30145,36,35.9,250944,148604,16164,5699,148209,102735,243283,56183,125621,14390,34249,712,-,1017,724,3985,6402,7661,79859,10422,1962,1385,34.4,124.1,6.3,38433,1.3,5.3,9.3
2015,경북,영주시,N,109266,12488,73031,23747,45.4,47.6,60279,38139,3576,590,34816,25463,59608,16890,29260,4168,1982,125,-,53,237,895,5998,671,29982,1095,290,191,33.2,131.2,6.3,38433,1.3,5.3,9.3
2015,경북,영천시,N,97669,9573,64428,23668,47.3,49.7,56674,41030,4228,1503,32602,24072,55965,18573,23178,4262,3173,125,-,105,125,667,5757,709,29134,1910,426,108,36.4,142.6,6.3,38433,1.3,5.3,9.3
2015,경북,상주시,N,98760,10140,61750,26870,48.6,51.9,60056,44542,2497,619,32778,27278,59389,17718,22010,1744,1660,187,-,14,178,4507,11371,667,34543,972,219,189,34.8,156.3,6.3,38433,1.3,5.3,9.3
2015,경북,문경시,N,71863,8054,45483,18326,47.6,50.9,40315,30190,2599,589,22345,17970,39727,13545,17215,1681,1340,117,-,5,210,749,4865,588,21728,773,170,252,35,103.6,6.3,38433,1.3,5.3,9.3
2015,경북,경산시,N,278500,34552,209078,34870,39.4,38.9,158702,94270,9404,26506,91653,67049,151718,40383,71418,21794,10223,236,-,479,306,2521,4358,6984,50066,14011,2314,907,35.4,127.3,6.3,38433,1.3,5.3,9.3
2015,경북,군위군,N,22012,1342,12666,8004,54.2,58,13063,11697,585,328,7408,5655,12885,5577,4111,517,245,53,-,-,12,302,2068,178,7650,332,71,41,37.7,152.8,6.3,38433,1.3,5.3,9.3
2015,경북,의성군,N,51021,3372,28465,19184,54.9,58.8,31731,28433,1071,254,17185,14546,31372,11820,8422,717,469,104,-,25,25,657,9133,359,18856,635,84,67,35.2,131.1,6.3,38433,1.3,5.3,9.3
2015,경북,청송군,N,24732,1906,14623,8203,52.8,56.4,16775,15700,351,62,9001,7774,16682,7972,5357,516,180,51,-,-,12,133,2461,93,11673,130,65,12,36,133.1,6.3,38433,1.3,5.3,9.3
2015,경북,영양군,N,16781,1444,9676,5661,52.3,56,11008,10437,209,26,5903,5105,10918,4919,3640,246,203,8,-,4,28,135,1735,90,8029,105,11,11,35.6,122.6,6.3,38433,1.3,5.3,9.3
2015,경북,영덕군,N,36539,3087,21183,12269,52.3,56,19855,18078,528,55,10868,8987,19693,8470,7538,657,490,55,-,4,25,451,2003,162,12920,305,25,34,37,106.9,6.3,38433,1.3,5.3,9.3
2015,경북,청도군,N,41596,2912,25305,13379,52.1,55.9,25658,21480,679,1470,13746,11912,25348,9632,8456,986,704,46,-,168,14,257,5085,310,14352,825,185,48,34.4,120.7,6.3,38433,1.3,5.3,9.3
2015,경북,고령군,N,34117,3402,22244,8471,47.8,50.3,18993,14688,443,3129,10853,8140,18696,5453,7893,1207,800,85,-,2,20,526,2710,297,9967,895,125,75,37.9,138.6,6.3,38433,1.3,5.3,9.3
2015,경북,성주군,N,41179,3386,26607,11186,49.7,53.2,24759,21753,873,1315,14081,10678,24339,7490,9581,653,496,74,-,-,18,881,5146,420,16761,819,146,76,36.9,134.6,6.3,38433,1.3,5.3,9.3
2015,경북,칠곡군,N,122462,19206,88461,14795,38.7,38.2,68114,37430,21379,4478,41372,26742,66626,16819,37552,2518,5937,151,-,423,137,554,2535,1488,29235,2854,631,333,36.9,155.3,6.3,38433,1.3,5.3,9.3
2015,경북,예천군,N,42702,3904,24287,14511,52,56.2,26383,23921,1203,147,14471,11912,26064,9156,9488,842,431,46,-,-,34,518,5549,319,16762,319,77,45,35.6,117.7,6.3,38433,1.3,5.3,9.3
2015,경북,봉화군,N,31628,2889,18451,10288,52.2,55.8,18746,17100,789,152,10376,8370,18587,8147,5965,830,247,46,-,13,24,329,2986,159,12179,265,49,62,35.3,115.8,6.3,38433,1.3,5.3,9.3
2015,경북,울진군,N,49387,5733,31375,12279,47.2,49.5,27529,23025,225,293,16188,11341,27196,10413,13386,970,644,10,-,-,65,388,1320,333,16734,274,64,35,36.9,110.6,6.3,38433,1.3,5.3,9.3
2015,경북,울릉군,N,8770,787,6173,1810,47.6,50.4,5725,5521,-,-,3494,2231,5687,3536,1355,454,55,-,-,-,16,1,270,38,3663,105,6,-,25.1,44,6.3,38433,1.3,5.3,9.3
2015,경남,진주시,N,349788,49044,253412,47332,40.2,41.1,204434,109302,26123,1784,114846,89588,199476,53551,93865,33198,6179,1301,-,99,738,4459,6086,4958,68832,10536,1433,947,36.4,139.6,6.9,43770,1.3,5.4,8.2
2015,경남,통영시,N,137208,20433,97183,19592,41.4,42.5,74195,39070,11374,409,43904,30291,72627,20324,27571,12100,9778,427,-,-,267,287,1873,1568,29047,3405,448,251,35.1,138.3,6.9,43770,1.3,5.4,8.2
2015,경남,사천시,N,113335,16139,76711,20485,42.9,43.7,63977,41028,9076,459,36779,27198,62755,18783,32088,3091,2980,1092,-,-,696,1029,2996,1222,30277,2103,474,276,36.4,132.3,6.9,43770,1.3,5.4,8.2
2015,경남,김해시,N,534124,89878,398996,45250,37.3,38.4,307973,160758,37033,37450,180964,127009,294540,75162,155661,31183,18820,1657,1107,88,917,3722,6223,13433,85967,25808,6691,1871,37.4,129.5,6.9,43770,1.3,5.4,8.2
2015,경남,밀양시,N,103069,10601,68584,23884,47.1,50.2,58307,43528,3189,2333,32408,25899,57079,16952,27826,3352,2149,153,-,590,208,1174,4675,1228,29833,2040,611,332,36,132.8,6.9,43770,1.3,5.4,8.2
2015,경남,거제시,N,261371,47519,194084,19768,36.3,36.6,152024,89521,2240,841,99528,52496,148120,40975,39277,9816,37801,321,-,-,220,12232,7478,3904,50831,2842,579,256,33.2,85,6.9,43770,1.3,5.4,8.2
2015,경남,양산시,N,297532,47517,218166,31849,38.8,39.8,166136,81583,4832,42338,97814,68322,152674,35028,81412,17983,10896,1211,1268,100,392,1478,2906,13462,51357,16143,4521,1194,36.5,147.9,6.9,43770,1.3,5.4,8.2
2015,경남,창원시,N,1059241,150339,798762,110140,39.4,40.6,604944,295789,45944,19997,359628,245316,586844,142428,288417,93466,38609,3125,38,263,2374,9019,9105,18100,167719,38407,6250,2473,35.1,119.1,6.9,43770,1.3,5.4,8.2
2015,경남,의창구,N,255200,33933,198018,23249,39,40.2,150873,74510,12105,2541,88783,62090,146303,33680,72390,23939,8713,816,-,73,551,2857,3284,4570,40104,8685,1312,654,,,6.9,43770,1.3,5.4,8.2
2015,경남,성산구,N,234908,35351,186973,12584,36.7,37.9,143795,74669,8149,3295,87447,56348,138840,36101,68226,17767,10861,726,15,92,454,3359,1239,4955,43569,7748,1605,474,,,6.9,43770,1.3,5.4,8.2
2015,경남,마산합포구,N,178945,20700,129417,28828,42.9,44.4,97921,48699,7154,1326,56614,41307,95898,27221,43887,17173,4554,435,6,18,463,627,1514,2023,29639,7241,1008,405,,,6.9,43770,1.3,5.4,8.2
2015,경남,마산회원구,N,208766,27868,155747,25151,40.8,42.3,117023,51478,15093,2075,68289,48734,113624,26178,54175,21176,7889,697,17,71,609,1028,1784,3399,27321,8136,1105,488,,,6.9,43770,1.3,5.4,8.2
2015,경남,진해구,N,181422,32487,128607,20328,38.5,39,95332,46433,3443,10760,58495,36837,92179,19248,49739,13411,6592,451,-,9,297,1148,1284,3153,27086,6597,1220,452,,,6.9,43770,1.3,5.4,8.2
2015,경남,의령군,N,27069,2279,15695,9095,51.9,55.4,14839,12949,1180,134,8226,6613,14606,5998,5354,478,373,69,-,-,59,594,1681,233,9011,408,82,40,36.8,151.2,6.9,43770,1.3,5.4,8.2
2015,경남,함안군,N,69355,9046,47061,13248,43.8,44.7,39094,26647,7899,444,22866,16228,38617,10744,20522,2150,1518,269,-,52,69,572,2721,477,18433,1426,252,92,38.9,82.6,6.9,43770,1.3,5.4,8.2
2015,경남,창녕군,N,61635,5805,39469,16361,48.5,51.6,34924,26891,2807,987,19828,15096,34316,11193,15904,923,1201,316,-,-,54,964,3761,608,20450,781,221,113,36.8,107.2,6.9,43770,1.3,5.4,8.2
2015,경남,고성군,N,53882,5693,34393,13796,47.7,50,30714,25065,4273,124,17326,13388,30456,11574,12912,1087,2318,225,-,-,75,520,1745,258,16193,896,155,67,35.8,123.7,6.9,43770,1.3,5.4,8.2
2015,경남,남해군,N,44248,3501,25621,15126,52.3,55.7,26868,23371,728,112,14124,12744,26619,14066,8049,976,712,77,-,-,40,125,2574,249,17550,367,82,94,35.2,126.1,6.9,43770,1.3,5.4,8.2
2015,경남,하동군,N,44918,4218,27043,13657,50.6,53.9,26210,22853,1235,740,14236,11974,25947,9303,10922,817,879,272,-,22,22,217,3493,263,14530,613,136,88,37,93.6,6.9,43770,1.3,5.4,8.2
2015,경남,산청군,N,34034,2989,19847,11198,51.8,55.4,19837,16835,1808,172,10867,8970,19602,9308,6745,618,385,267,-,-,39,250,1990,235,10733,629,117,117,38.8,159,6.9,43770,1.3,5.4,8.2
2015,경남,함양군,N,38454,4000,22618,11836,50.2,53.6,23146,21240,794,238,12091,11055,22950,10167,7617,790,402,102,-,-,32,414,3426,196,14141,323,73,62,35.9,97.9,6.9,43770,1.3,5.4,8.2
2015,경남,거창군,N,60464,7194,38423,14847,46.3,48.7,36906,33695,931,366,19997,16909,36548,12932,15298,1017,644,105,-,-,69,1405,5078,358,21508,520,82,108,33.1,142.6,6.9,43770,1.3,5.4,8.2
2015,경남,합천군,N,44797,3566,25136,16095,53.2,56.8,26097,23301,710,426,14017,12080,25769,10930,8964,1040,424,126,-,-,51,671,3563,328,15906,476,86,50,36,118.1,6.9,43770,1.3,5.4,8.2
2015,제주,제주시,N,451758,75038,321040,55680,38.9,39.7,281177,160465,12850,-,153175,128002,276030,60122,144741,43547,10498,1863,-,-,2006,1575,11678,5147,92974,15905,909,56,31.5,88.1,6.8,39568,1.2,3.5,9.3
2015,제주,서귀포시,N,153861,21852,104221,27788,42.9,44.3,99625,70639,6925,-,53272,46353,98160,21377,51246,8695,2553,2405,-,-,630,550,10704,1465,49417,5121,537,65,33.1,128.2,6.8,39568,1.2,3.5,9.3
